Crime ID,Month,Reported by,Falls within,Longitude,Latitude,Location,LSOA code,LSOA name,Crime type,Last outcome category,Context
0d5da51d9f1bf9bb86cae246f7fb852a6ece8dbd9866301ccd4fc78f7ac982ca,2020-05,City of London Police,City of London Police,-0.111962,51.518494,On or near Nightclub,E01000914,Camden 028B,Theft from the person,Investigation complete; no suspect identified,
,2020-05,City of London Police,City of London Police,-0.095914,51.520348,On or near Beech Street,E01000001,City of London 001A,Anti-social behaviour,,
,2020-05,City of London Police,City of London Police,-0.098572,51.516767,On or near King Edward Street,E01000001,City of London 001A,Anti-social behaviour,,
6bbbbe8dcc3bfdc101ecd6cb9fb3e7d13e705759d8fe824da159c41720856989,2020-05,City of London Police,City of London Police,-0.097334,51.521567,On or near Fann Street,E01000001,City of London 001A,Burglary,Investigation complete; no suspect identified,
459e44c6c725d7ae25bf93988c8c5c81a74f2cb8386615282857da8832ff75c6,2020-05,City of London Police,City of London Police,-0.097277,51.515307,On or near St Martin'S Le Grand,E01000001,City of London 001A,Criminal damage and arson,Investigation complete; no suspect identified,
e6358249377f4688e4a0e7d2d34819ae7c25f9dffafe904fd5c9a9c1cba08c65,2020-05,City of London Police,City of London Police,-0.098572,51.516767,On or near King Edward Street,E01000001,City of London 001A,Possession of weapons,Offender given a caution,
1dfbc1903f93b1a731a32f033dfabf879557a360683c985b1d2522d8c0f9d1ee,2020-05,City of London Police,City of London Police,-0.097601,51.520699,On or near Carthusian Street,E01000001,City of London 001A,Robbery,Unable to prosecute suspect,
74e04bd39ee838fda84124e4e509d4704c7ed53059e3ef2566a06a01299a83f8,2020-05,City of London Police,City of London Police,-0.098572,51.516767,On or near King Edward Street,E01000001,City of London 001A,Robbery,Investigation complete; no suspect identified,
d26f9cb175a2538fec779a6b403b4db55b99bddb337e87591b02783e3ea80734,2020-05,City of London Police,City of London Police,-0.098642,51.517146,On or near Little Britain,E01000001,City of London 001A,Theft from the person,Status update unavailable,
d26f9cb175a2538fec779a6b403b4db55b99bddb337e87591b02783e3ea80734,2020-05,City of London Police,City of London Police,-0.097562,51.518864,On or near Parking Area,E01000001,City of London 001A,Theft from the person,Investigation complete; no suspect identified,
4b0b7531abc6523cc35c1ced52c09f9644f4dac6555a4a83fe2271d9be89ee63,2020-05,City of London Police,City of London Police,-0.095892,51.516391,On or near Noble Street,E01000001,City of London 001A,Violence and sexual offences,Status update unavailable,
2e5e9f768bd46b45e8416cd9f4ff88602158eba6080ca7ab928b155b0de231e7,2020-05,City of London Police,City of London Police,-0.097562,51.518864,On or near Parking Area,E01000001,City of London 001A,Other crime,Unable to prosecute suspect,
,2020-05,City of London Police,City of London Police,-0.093933,51.519812,On or near Conference/Exhibition Centre,E01000002,City of London 001B,Anti-social behaviour,,
,2020-05,City of London Police,City of London Police,-0.094546,51.520658,On or near Beech Street,E01000002,City of London 001B,Anti-social behaviour,,
,2020-05,City of London Police,City of London Police,-0.092628,51.517920,On or near St Alphage Garden,E01000002,City of London 001B,Anti-social behaviour,,
,2020-05,City of London Police,City of London Police,-0.092628,51.517920,On or near St Alphage Garden,E01000002,City of London 001B,Anti-social behaviour,,
962fee20da23f10255ebf57420f78c54da88e14b1e410d83f63152f5c9abcb1d,2020-05,City of London Police,City of London Police,-0.090348,51.519358,On or near Moor Lane,E01000002,City of London 001B,Bicycle theft,Status update unavailable,
e501f20827dc9b5bdaa522efada0ebcc7c82efdaa3deb95604eeac3f73495ee1,2020-05,City of London Police,City of London Police,-0.094546,51.520658,On or near Beech Street,E01000002,City of London 001B,Bicycle theft,Investigation complete; no suspect identified,
891db2b03c67e5a83ce0cd29ba8faaf1cf63cf430d2b6bc2770e69d3fbbf64b1,2020-05,City of London Police,City of London Police,-0.094582,51.517376,On or near Parking Area,E01000002,City of London 001B,Criminal damage and arson,Investigation complete; no suspect identified,
55bb6a4c303f4ee19c15c1c012c4279898335753817851ecaacf6d12d0baf6a8,2020-05,City of London Police,City of London Police,-0.092628,51.517920,On or near St Alphage Garden,E01000002,City of London 001B,Drugs,Awaiting court outcome,
edd3936f62d244f34edfe78837804666f103dcb3ec4efbecad23966289a2f5e0,2020-05,City of London Police,City of London Police,-0.094094,51.515606,On or near Gresham Street,E01000002,City of London 001B,Other theft,Investigation complete; no suspect identified,
e84896471a0e3c63aa4c5005b1a675840983fc5a94179d75cc5f011f4c97db5b,2020-05,City of London Police,City of London Police,-0.094546,51.520658,On or near Beech Street,E01000002,City of London 001B,Public order,Status update unavailable,
defb2423e3652a4f4fac9508abccdd1567ed7e7ae13f95a804366a9750d70267,2020-05,City of London Police,City of London Police,-0.093933,51.519812,On or near Conference/Exhibition Centre,E01000002,City of London 001B,Vehicle crime,Investigation complete; no suspect identified,
3dddd5c04ea19b80f8e282438338652f5924d97fdeb547b6df34b37e5289d35e,2020-05,City of London Police,City of London Police,-0.092517,51.520580,On or near Whitecross Street,E01000002,City of London 001B,Violence and sexual offences,Unable to prosecute suspect,
1e6b42b33deba9a5cbf7b6a5d635d3025a56d45c2cf4f8ca389285cf496cf34f,2020-05,City of London Police,City of London Police,-0.094115,51.516497,On or near Wood Street,E01000002,City of London 001B,Violence and sexual offences,Unable to prosecute suspect,
8f14e357aed30d0bc5fdddb3b1f175de66c8e76fbed7b1b74f3b160224c0c6a5,2020-05,City of London Police,City of London Police,-0.091649,51.518938,On or near Park/Open Space,E01000002,City of London 001B,Violence and sexual offences,Status update unavailable,
8908fd10ceea2c4336916149d5a6b8b64917170b9d9b13efe59aec362d2ab653,2020-05,City of London Police,City of London Police,-0.093057,51.520085,On or near Theatre/Concert Hall,E01000002,City of London 001B,Other crime,Offender given a caution,
,2020-05,City of London Police,City of London Police,-0.095860,51.521660,On or near Fann Street,E01000003,City of London 001C,Anti-social behaviour,,
,2020-05,City of London Police,City of London Police,-0.096114,51.520747,On or near Park/Open Space,E01000003,City of London 001C,Anti-social behaviour,,
,2020-05,City of London Police,City of London Police,-0.095381,51.521391,On or near Viscount Street,E01000003,City of London 001C,Anti-social behaviour,,
,2020-05,City of London Police,City of London Police,-0.094033,51.520875,On or near Shopping Area,E01000003,City of London 001C,Anti-social behaviour,,
,2020-05,City of London Police,City of London Police,-0.096114,51.520747,On or near Park/Open Space,E01000003,City of London 001C,Anti-social behaviour,,
,2020-05,City of London Police,City of London Police,-0.095381,51.521391,On or near Viscount Street,E01000003,City of London 001C,Anti-social behaviour,,
,2020-05,City of London Police,City of London Police,-0.074958,51.514151,On or near Aldgate High Street,E01000005,City of London 001E,Anti-social behaviour,,
,2020-05,City of London Police,City of London Police,-0.073254,51.512856,On or near Mansell Street,E01000005,City of London 001E,Anti-social behaviour,,
,2020-05,City of London Police,City of London Police,-0.077596,51.515849,On or near Artizan Street,E01000005,City of London 001E,Anti-social behaviour,,
,2020-05,City of London Police,City of London Police,-0.076270,51.515504,On or near Gravel Lane,E01000005,City of London 001E,Anti-social behaviour,,
,2020-05,City of London Police,City of London Police,-0.074958,51.514151,On or near Aldgate High Street,E01000005,City of London 001E,Anti-social behaviour,,
be3b00226758ebb3fa9ef7e307dc5fc03c9cc54e51bba9618c6a0964a0168156,2020-05,City of London Police,City of London Police,-0.074330,51.513647,On or near Little Somerset Street,E01000005,City of London 001E,Bicycle theft,Investigation complete; no suspect identified,
04c7e7daff48b9624ccb9e2da242532e6ba29cb95602e96d225d9d29f6afdfca,2020-05,City of London Police,City of London Police,-0.074330,51.513647,On or near Little Somerset Street,E01000005,City of London 001E,Bicycle theft,Investigation complete; no suspect identified,
828146e909e644cf1eaadab39e6e55f86aeae7c7273f2e990d9c2f8041f0631d,2020-05,City of London Police,City of London Police,-0.074793,51.511208,On or near Pedestrian Subway,E01000005,City of London 001E,Burglary,Investigation complete; no suspect identified,
c207be802624e745847e00247bda0f9da1e2cba3bfc89675a86a88bbd152c5a6,2020-05,City of London Police,City of London Police,-0.076270,51.515504,On or near Gravel Lane,E01000005,City of London 001E,Burglary,Status update unavailable,
ca5b7090471beb44ae5d3b236190a6376019d158e2d5d2203257f8784b98952e,2020-05,City of London Police,City of London Police,-0.076044,51.512650,On or near India Street,E01000005,City of London 001E,Criminal damage and arson,Investigation complete; no suspect identified,
42de703e107249b26d166e6c220696e4063bee422f808da89547ca6ff22d7dc3,2020-05,City of London Police,City of London Police,-0.074210,51.511711,On or near Portsoken Street,E01000005,City of London 001E,Drugs,Status update unavailable,
260b65177b86a67868519d644456ce9cd7bdf339706c50dae9416b8b03a9016e,2020-05,City of London Police,City of London Police,-0.078393,51.515728,On or near Clothier Street,E01000005,City of London 001E,Drugs,Offender given penalty notice,
9d1b2d5fbe7c2da5a8282caf3127c5ffa5ef8eee0e9c49a07adc5d4c0121caeb,2020-05,City of London Police,City of London Police,-0.077451,51.515523,On or near White Kennett Street,E01000005,City of London 001E,Other theft,Investigation complete; no suspect identified,
07587d1acec336ad55c932a42d15d07c85e7cbe24bfe38b42bd1b145a686e4c8,2020-05,City of London Police,City of London Police,-0.076435,51.513627,On or near Aldgate,E01000005,City of London 001E,Other theft,Investigation complete; no suspect identified,
18c13382a2c4b8ad111a1976e6bc55a2a6984dbb4d8846e9a9492c0fe4a313f2,2020-05,City of London Police,City of London Police,-0.076459,51.513061,On or near Further/Higher Educational Building,E01000005,City of London 001E,Robbery,Investigation complete; no suspect identified,
65c6da6ceefc693fe670b080a39e4c9df1a17f9cb43e873eee07058c18897cb8,2020-05,City of London Police,City of London Police,-0.076435,51.513627,On or near Aldgate,E01000005,City of London 001E,Robbery,Investigation complete; no suspect identified,
a4a80f2991cf397170412fb3356f3bd7fc860664aafd370424cc4211c39980c1,2020-05,City of London Police,City of London Police,-0.076435,51.513627,On or near Aldgate,E01000005,City of London 001E,Shoplifting,Status update unavailable,
47f31d57a14ad5e5475e3df4e2b4b8b8edda6e5a69613b001c9d88c3e6a1900f,2020-05,City of London Police,City of London Police,-0.076435,51.513627,On or near Aldgate,E01000005,City of London 001E,Shoplifting,Status update unavailable,
939dad6fa241e122867c58b674ccd485b7abef784f03b3297a72095a611a20f1,2020-05,City of London Police,City of London Police,-0.076080,51.511445,On or near America Square,E01000005,City of London 001E,Theft from the person,Investigation complete; no suspect identified,
d77d302ad53ed22059edb3bb618efd90bb2c4224e26f7868ece85abeccc9c58f,2020-05,City of London Police,City of London Police,-0.077224,51.516122,On or near Shopping Area,E01000005,City of London 001E,Vehicle crime,Investigation complete; no suspect identified,
773f161e74de509d99f7b7a43cfdb03bdaaa8d2ea74b8c8dbd9473f642134abf,2020-05,City of London Police,City of London Police,-0.073254,51.512856,On or near Mansell Street,E01000005,City of London 001E,Vehicle crime,Investigation complete; no suspect identified,
daf5fef4821785f4f79993d38a5684bdf4ebf1242077f33f303a402b91f60ada,2020-05,City of London Police,City of London Police,-0.074115,51.511224,On or near Goodman'S Yard,E01000005,City of London 001E,Vehicle crime,Investigation complete; no suspect identified,
,2020-05,City of London Police,City of London Police,-0.077029,51.510148,On or near Trinity Square,E01032739,City of London 001F,Anti-social behaviour,,
,2020-05,City of London Police,City of London Police,-0.079195,51.513798,On or near Creechurch Lane,E01032739,City of London 001F,Anti-social behaviour,,
,2020-05,City of London Police,City of London Police,-0.092926,51.511477,On or near Queen Street,E01032739,City of London 001F,Anti-social behaviour,,
,2020-05,City of London Police,City of London Police,-0.096385,51.510787,On or near Gardners Lane,E01032739,City of London 001F,Anti-social behaviour,,
,2020-05,City of London Police,City of London Police,-0.081620,51.516814,On or near Alderman'S Walk,E01032739,City of London 001F,Anti-social behaviour,,
,2020-05,City of London Police,City of London Police,-0.090710,51.513132,On or near Queen Victoria Street,E01032739,City of London 001F,Anti-social behaviour,,
,2020-05,City of London Police,City of London Police,-0.080376,51.517244,On or near Supermarket,E01032739,City of London 001F,Anti-social behaviour,,
,2020-05,City of London Police,City of London Police,-0.078994,51.514137,On or near Heneage Place,E01032739,City of London 001F,Anti-social behaviour,,
,2020-05,City of London Police,City of London Police,-0.081540,51.510806,On or near Mincing Lane,E01032739,City of London 001F,Anti-social behaviour,,
,2020-05,City of London Police,City of London Police,-0.081580,51.520510,On or near Pindar Street,E01032739,City of London 001F,Anti-social behaviour,,
,2020-05,City of London Police,City of London Police,-0.078488,51.517923,On or near Middlesex Street,E01032739,City of London 001F,Anti-social behaviour,,
,2020-05,City of London Police,City of London Police,-0.084967,51.512598,On or near Bell Inn Yard,E01032739,City of London 001F,Anti-social behaviour,,
,2020-05,City of London Police,City of London Police,-0.083086,51.511407,On or near Rood Lane,E01032739,City of London 001F,Anti-social behaviour,,
,2020-05,City of London Police,City of London Police,-0.100179,51.514158,On or near Shopping Area,E01032739,City of London 001F,Anti-social behaviour,,
,2020-05,City of London Police,City of London Police,-0.097699,51.511420,On or near Booth Lane,E01032739,City of London 001F,Anti-social behaviour,,
,2020-05,City of London Police,City of London Police,-0.079195,51.513798,On or near Creechurch Lane,E01032739,City of London 001F,Anti-social behaviour,,
,2020-05,City of London Police,City of London Police,-0.083386,51.509757,On or near St Dunstan'S Lane,E01032739,City of London 001F,Anti-social behaviour,,
,2020-05,City of London Police,City of London Police,-0.097699,51.511420,On or near Booth Lane,E01032739,City of London 001F,Anti-social behaviour,,
,2020-05,City of London Police,City of London Police,-0.077578,51.510795,On or near Pepys Street,E01032739,City of London 001F,Anti-social behaviour,,
,2020-05,City of London Police,City of London Police,-0.101395,51.510913,On or near Blackfriars Underpass,E01032739,City of London 001F,Anti-social behaviour,,
15dda10651df339d3d6d8cdc4ba5115cb70de2437fadbf427d524970b86dd7d1,2020-05,City of London Police,City of London Police,-0.079786,51.517576,On or near Police Station,E01032739,City of London 001F,Bicycle theft,Awaiting court outcome,
334e6ce324604e74947d1112f4c3db5ad871a2875c3bb4c64d04801f431c9adb,2020-05,City of London Police,City of London Police,-0.094206,51.511210,On or near Little Trinity Lane,E01032739,City of London 001F,Bicycle theft,Investigation complete; no suspect identified,
f5a7fb276d55f0af3fd6c199831e3b9191c9d64642e21f37d3601f9ab0d34d09,2020-05,City of London Police,City of London Police,-0.084566,51.517690,On or near Blomfield Street,E01032739,City of London 001F,Bicycle theft,Investigation complete; no suspect identified,
15dda10651df339d3d6d8cdc4ba5115cb70de2437fadbf427d524970b86dd7d1,2020-05,City of London Police,City of London Police,-0.085149,51.517196,On or near Blomfield Street,E01032739,City of London 001F,Bicycle theft,Status update unavailable,
f7c4558c840673c496c95ba0cdbb72662256729327c04e523679eebef5be6f4f,2020-05,City of London Police,City of London Police,-0.081580,51.520510,On or near Pindar Street,E01032739,City of London 001F,Bicycle theft,Investigation complete; no suspect identified,
b1bd4c6ca9c462627db2953b8f480cba851b2ba69995ba0740f31f6be861574e,2020-05,City of London Police,City of London Police,-0.080322,51.510651,On or near Mark Lane,E01032739,City of London 001F,Bicycle theft,Investigation complete; no suspect identified,
d3054fb0323ee555957390bc3a0391fd1c67125c303b443aa4b9dc12eb9768cc,2020-05,City of London Police,City of London Police,-0.083296,51.517058,On or near Old Broad Street,E01032739,City of London 001F,Bicycle theft,Investigation complete; no suspect identified,
b75e9564fefc0647c4ed38f4e7deb3480074f9f7740665b502a93a61321fb156,2020-05,City of London Police,City of London Police,-0.083296,51.517058,On or near Old Broad Street,E01032739,City of London 001F,Bicycle theft,Investigation complete; no suspect identified,
ce26b51194464276162079a33de768a5bb60acacee0c9fa67d3a2407b82a0592,2020-05,City of London Police,City of London Police,-0.095037,51.510621,On or near Queenhithe,E01032739,City of London 001F,Burglary,Investigation complete; no suspect identified,
da3787c5aaa882d729ecd0172651cef1e2e680af477b95a497559c125b7d6967,2020-05,City of London Police,City of London Police,-0.088233,51.515484,On or near Tokenhouse Yard,E01032739,City of London 001F,Burglary,Status update unavailable,
29c223e5d80fa635afb1afb4f4655236923f8fb502501664d4f152fda93d22f5,2020-05,City of London Police,City of London Police,-0.084621,51.510200,On or near Botolph Lane,E01032739,City of London 001F,Burglary,Investigation complete; no suspect identified,
2e67d075c2a9269a6f98efc05417b1d4245b0999ee0328e80b4187d7e44f5b4d,2020-05,City of London Police,City of London Police,-0.096659,51.511133,On or near Upper Thames Street,E01032739,City of London 001F,Burglary,Investigation complete; no suspect identified,
35dd568af9f2dde891c5aaafdbc2ae6a0cfe26ffd4cf950fcbb1a56fefecc57c,2020-05,City of London Police,City of London Police,-0.086272,51.513114,On or near Birchin Lane,E01032739,City of London 001F,Burglary,Awaiting court outcome,
809fc426ab60eb97b79d74f5b00422a93a4c9b5a798a53ce6628f65aacd75a9a,2020-05,City of London Police,City of London Police,-0.079283,51.511021,On or near Seething Lane,E01032739,City of London 001F,Burglary,Status update unavailable,
3629ceda8c0b9fe967e211e7d1eac2151e6d750238006c44072193d015a07d22,2020-05,City of London Police,City of London Police,-0.094720,51.514420,On or near Wood Street,E01032739,City of London 001F,Criminal damage and arson,Investigation complete; no suspect identified,
396182cd688950fb584850848112646edf766e20135c3448729d0d9120c69fea,2020-05,City of London Police,City of London Police,-0.099907,51.512031,On or near Queen Victoria Street,E01032739,City of London 001F,Criminal damage and arson,Investigation complete; no suspect identified,
1d4357932e65f06a605cf2321e356cb8857a12fddf573117dc370f147249dba5,2020-05,City of London Police,City of London Police,-0.077694,51.513171,On or near Aldgate,E01032739,City of London 001F,Criminal damage and arson,Investigation complete; no suspect identified,
53ef0fb09bb97c28bc0eaafe597b199c77f98a39c4aaa5d837e1754665505909,2020-05,City of London Police,City of London Police,-0.079786,51.517576,On or near Police Station,E01032739,City of London 001F,Criminal damage and arson,Offender given a caution,
4560b17b445ac11f16cb07b41b022b43f77e974f39dfba8b0d91d5e4cdc3e8aa,2020-05,City of London Police,City of London Police,-0.092077,51.512147,On or near Tower Royal,E01032739,City of London 001F,Criminal damage and arson,Investigation complete; no suspect identified,
c3a021bf6ac754c7070f1dbfbe7b81d8acf6f1eab18d4de0834540215b3d81c6,2020-05,City of London Police,City of London Police,-0.079875,51.510995,On or near Hart Street,E01032739,City of London 001F,Criminal damage and arson,Investigation complete; no suspect identified,
40c0d4aff9cb7d5490f0858075de2ee2d233484797fec921f35d3fd6096e21a3,2020-05,City of London Police,City of London Police,-0.079786,51.517576,On or near Police Station,E01032739,City of London 001F,Criminal damage and arson,Awaiting court outcome,
440ac991f564fa0d22c17ac0afb507a24494bd3e76b38e9e7fb38d22d1dd4bd0,2020-05,City of London Police,City of London Police,-0.084967,51.512598,On or near Bell Inn Yard,E01032739,City of London 001F,Criminal damage and arson,Offender given penalty notice,
53ef0fb09bb97c28bc0eaafe597b199c77f98a39c4aaa5d837e1754665505909,2020-05,City of London Police,City of London Police,-0.082571,51.514753,On or near Great St Helen'S,E01032739,City of London 001F,Criminal damage and arson,Status update unavailable,
1d3e6aade4bb3ec48d458dc5e58ac9d7d88f61d9baa2a9edbe45a096aeba49d1,2020-05,City of London Police,City of London Police,-0.101452,51.512650,On or near St Andrew'S Hill,E01032739,City of London 001F,Drugs,Status update unavailable,
cbf275c358243d877ae617a197bc22fa42170d0a728bbc0440bce538fd0ace46,2020-05,City of London Police,City of London Police,-0.078856,51.518433,On or near Artillery Lane,E01032739,City of London 001F,Drugs,Offender given a drugs possession warning,
18542de49d3c6a46d729b81f7fb92e7998acb81f33a1871ecf7305470b4e2589,2020-05,City of London Police,City of London Police,-0.088203,51.518262,On or near Moorgate,E01032739,City of London 001F,Drugs,Formal action is not in the public interest,
3e5f00c50bfe1968a425406d96214615c157a5ede85c0fee57c3632ff36fa5ec,2020-05,City of London Police,City of London Police,-0.079287,51.511956,On or near Fenchurch Place,E01032739,City of London 001F,Drugs,Status update unavailable,
cc5b168e1344e268e21e22fbd15d7f535ca00c6be7612f18eeeb70c57a8d7868,2020-05,City of London Police,City of London Police,-0.101274,51.512791,On or near St Andrew'S Hill,E01032739,City of London 001F,Drugs,Status update unavailable,
af414f2648cfc957a757c1f68c007a693dda2bee863dc2decaf8a6c9d50e0719,2020-05,City of London Police,City of London Police,-0.081620,51.516814,On or near Alderman'S Walk,E01032739,City of London 001F,Drugs,Status update unavailable,
c5a12ff433ded701a02922fcb374bc872bf2a91d3bd21bdd37a3d0d368edf493,2020-05,City of London Police,City of London Police,-0.083296,51.517058,On or near Old Broad Street,E01032739,City of London 001F,Drugs,Offender given a caution,
c6a1d2afccb5d7893a48d832f6eb424c250daa141bb00ce77cd4d53007ce6fae,2020-05,City of London Police,City of London Police,-0.092077,51.512147,On or near Tower Royal,E01032739,City of London 001F,Drugs,Formal action is not in the public interest,
5577d6959eeebb037d58d4c00d7d808c45a417f32f5c31cb4199bc05c64ab023,2020-05,City of London Police,City of London Police,-0.083386,51.509757,On or near St Dunstan'S Lane,E01032739,City of London 001F,Drugs,Status update unavailable,
9e6d3c1e7af7478c1ad8faa2229f5fd853933f40f0f51bac70cc4cb91ec51dba,2020-05,City of London Police,City of London Police,-0.088241,51.510835,On or near Laurence Pountney Lane,E01032739,City of London 001F,Drugs,Status update unavailable,
7cdb94e24b1f3177665742103081ecebeda07766e7f8d1fcddcfbc0e636af481,2020-05,City of London Police,City of London Police,-0.082965,51.516351,On or near Wormwood Street,E01032739,City of London 001F,Drugs,Status update unavailable,
7c1a8f22efbc4355d65d6ebada74af6413d62b156ba0ea97258baf8977aca68d,2020-05,City of London Police,City of London Police,-0.101452,51.512650,On or near St Andrew'S Hill,E01032739,City of London 001F,Drugs,Offender given a drugs possession warning,
7346085d12fee1cae11122de879be748cac9314ddcbc5055863c117763932d74,2020-05,City of London Police,City of London Police,-0.089451,51.517032,On or near Bus/Coach Station,E01032739,City of London 001F,Drugs,Offender given a caution,
a09aa283149b89e766e86377e6df0ceb703dade47e4914b137eadfb45f79348b,2020-05,City of London Police,City of London Police,-0.085833,51.513952,On or near Finch Lane,E01032739,City of London 001F,Drugs,Status update unavailable,
f014e519227c70df57e85b34fd600d8945637c7fee267a67a7510dd9430fe99b,2020-05,City of London Police,City of London Police,-0.079786,51.517576,On or near Police Station,E01032739,City of London 001F,Drugs,Awaiting court outcome,
d7c000e9ed3aad397b512490cbed074ed69884dc7d294d20b7b28914287f3ede,2020-05,City of London Police,City of London Police,-0.081620,51.516814,On or near Alderman'S Walk,E01032739,City of London 001F,Drugs,Status update unavailable,
f014e519227c70df57e85b34fd600d8945637c7fee267a67a7510dd9430fe99b,2020-05,City of London Police,City of London Police,-0.088233,51.515484,On or near Tokenhouse Yard,E01032739,City of London 001F,Drugs,Status update unavailable,
971baae7a61dcec1f51b9c9fe5d6145dca446a7840591e58ee12edda9961e26a,2020-05,City of London Police,City of London Police,-0.086278,51.509876,On or near Fish Street Hill,E01032739,City of London 001F,Other theft,Investigation complete; no suspect identified,
e360aefeaf0c036e6a6839d4682f98e937192b984361c1477d8d850ae4b82812,2020-05,City of London Police,City of London Police,-0.085669,51.515100,On or near Austin Friars,E01032739,City of London 001F,Other theft,Investigation complete; no suspect identified,
2da4a6203849467e5a00b8676ff2edf1977e438db11f285d1d9f56700a96460d,2020-05,City of London Police,City of London Police,-0.078856,51.518433,On or near Artillery Lane,E01032739,City of London 001F,Other theft,Investigation complete; no suspect identified,
e9aa38a6a9a7a0594c9f3a04f57c5917afd06fb46144e41b97ac1d523f6facba,2020-05,City of London Police,City of London Police,-0.079398,51.516508,On or near Devonshire Square,E01032739,City of London 001F,Other theft,Investigation complete; no suspect identified,
d5f86796fdc7d2e1187ac735c13cbd6a18c06a9891be8117a0a987526c14d45a,2020-05,City of London Police,City of London Police,-0.087086,51.512596,On or near Lombard Street,E01032739,City of London 001F,Other theft,Investigation complete; no suspect identified,
78e8c06889a6f975987ae9ff88083fff770d607026e33b68e90c31d71a6e729c,2020-05,City of London Police,City of London Police,-0.084980,51.516078,On or near Great Winchester Street,E01032739,City of London 001F,Possession of weapons,Offender given a caution,
4691e4632199d48bc1fb8cfa3a7279f93dbf18e9a161c6f0c2952f2aa8323c64,2020-05,City of London Police,City of London Police,-0.087549,51.514276,On or near Bartholomew Lane,E01032739,City of London 001F,Public order,Investigation complete; no suspect identified,
9b800036545ee9e635e5208c5e6ba71f2f22a10e42d71247a4deb9feddd82b49,2020-05,City of London Police,City of London Police,-0.080782,51.514804,On or near St Mary Axe,E01032739,City of London 001F,Public order,Status update unavailable,
4b08c4b3c730ffa1ca3f9352143cbcc3763e9dfcdda443da834df47540cbf47f,2020-05,City of London Police,City of London Police,-0.081549,51.511625,On or near Mincing Lane,E01032739,City of London 001F,Public order,Unable to prosecute suspect,
224c099ca07aee7eeb28e4fb47e5e344066792d13dbb6178a6efcd3f8ef3e60c,2020-05,City of London Police,City of London Police,-0.085669,51.515100,On or near Austin Friars,E01032739,City of London 001F,Public order,Investigation complete; no suspect identified,
a8c5414efadd29553d568469ed45a07174587b045d2f84e694ec9a591f0284f3,2020-05,City of London Police,City of London Police,-0.091720,51.513454,On or near Supermarket,E01032739,City of London 001F,Shoplifting,Awaiting court outcome,
76f62c8acc42b345ebf3ccd2889e83c15a8be4568ede4c48c04053c40b669982,2020-05,City of London Police,City of London Police,-0.079448,51.511554,On or near Fenchurch Place,E01032739,City of London 001F,Shoplifting,Investigation complete; no suspect identified,
708919c713fe6420930ddeba9ef2d421f2bf7af72330b71588ff3bc0f452c068,2020-05,City of London Police,City of London Police,-0.083993,51.511440,On or near Philpot Lane,E01032739,City of London 001F,Shoplifting,Investigation complete; no suspect identified,
a2ce9b1bc6359f9ca06a6ad7f3855660a89c9ec0afdb184272734cbaf33c3ac7,2020-05,City of London Police,City of London Police,-0.079448,51.511554,On or near Fenchurch Place,E01032739,City of London 001F,Shoplifting,Investigation complete; no suspect identified,
f2bde73d85cb8843aae9626636277573e05a80ac191e17a53b58ff4f1bb40e85,2020-05,City of London Police,City of London Police,-0.094720,51.514420,On or near Wood Street,E01032739,City of London 001F,Shoplifting,Status update unavailable,
42897a2d8deaf5d97fb64ea82976e8ca6717d1a6f5b44988d447c5708ceddd6f,2020-05,City of London Police,City of London Police,-0.094720,51.514420,On or near Wood Street,E01032739,City of London 001F,Shoplifting,Awaiting court outcome,
4fb5beee21c70e222a879a305c0884c029b5119e5c20db84eb3f0405a782bfab,2020-05,City of London Police,City of London Police,-0.083993,51.511440,On or near Philpot Lane,E01032739,City of London 001F,Shoplifting,Investigation complete; no suspect identified,
1a0c47956cf5507959f85b1ca2a2313b9e00d0c9895755c14fd321a0aeed1f38,2020-05,City of London Police,City of London Police,-0.091720,51.513454,On or near Supermarket,E01032739,City of London 001F,Shoplifting,Investigation complete; no suspect identified,
36ecd803252c5a16fdcbae3afc45b07bceef174b94e3e69f4ff6e3e15a315534,2020-05,City of London Police,City of London Police,-0.083296,51.517058,On or near Old Broad Street,E01032739,City of London 001F,Shoplifting,Investigation complete; no suspect identified,
cdcf92e4afd6b979706842bdbbf1df8a6418a4f7d453cb6b105526aaf85aaeed,2020-05,City of London Police,City of London Police,-0.080376,51.517244,On or near Supermarket,E01032739,City of London 001F,Shoplifting,Offender given a caution,
2c408730b5982afe1e3ac7d8f046a63c4925517d4748cc499fa9ff42d0b27583,2020-05,City of London Police,City of London Police,-0.080244,51.511828,On or near Mark Lane,E01032739,City of London 001F,Shoplifting,Investigation complete; no suspect identified,
949fd636bfeed06afe73061e0ed054beaaf428562d8de3f7250062f51997170a,2020-05,City of London Police,City of London Police,-0.084983,51.510494,On or near Supermarket,E01032739,City of London 001F,Shoplifting,Investigation complete; no suspect identified,
2ab50be1d36623b2b26b95b0164f10bde0960c95885407d736726f7f146fb16c,2020-05,City of London Police,City of London Police,-0.081549,51.511625,On or near Mincing Lane,E01032739,City of London 001F,Shoplifting,Unable to prosecute suspect,
473fd8bf0089c6054c7a19f3a049e40665951ef932b58fae8687ea2f8a8de74e,2020-05,City of London Police,City of London Police,-0.094720,51.514420,On or near Wood Street,E01032739,City of London 001F,Shoplifting,Investigation complete; no suspect identified,
09dc10b07ecaa9c86bb85971c7d584e3629dcfe566c688361cc625880a380094,2020-05,City of London Police,City of London Police,-0.083296,51.517058,On or near Old Broad Street,E01032739,City of London 001F,Theft from the person,Investigation complete; no suspect identified,
9732dd5f96f538f4c90ce0a0b31fb7eaa2c8baafb848d0950a53d6e91e132192,2020-05,City of London Police,City of London Police,-0.091823,51.514418,On or near Ironmonger Lane,E01032739,City of London 001F,Theft from the person,Investigation complete; no suspect identified,
910367985b6466ac5955872bfca2c020230f6a6584b03b259d63c317a0dc24e9,2020-05,City of London Police,City of London Police,-0.081549,51.511625,On or near Mincing Lane,E01032739,City of London 001F,Theft from the person,Investigation complete; no suspect identified,
02d70bca82568cfe650605c991b3a61f0c349cf0f2b686b9ecbd845073416d08,2020-05,City of London Police,City of London Police,-0.078484,51.517680,On or near Catherine Wheel Alley,E01032739,City of London 001F,Vehicle crime,Investigation complete; no suspect identified,
d89b692c2c48f037045443804c19a3e7bb42bb93f7e5e86cfffc2817797b79b6,2020-05,City of London Police,City of London Police,-0.101452,51.512650,On or near St Andrew'S Hill,E01032739,City of London 001F,Vehicle crime,Unable to prosecute suspect,
9d456607a0602246052ff68b350c4607c781c7a504228db44f72f7cec18dc266,2020-05,City of London Police,City of London Police,-0.084251,51.520059,On or near Sun Street,E01032739,City of London 001F,Vehicle crime,Investigation complete; no suspect identified,
181eeb112a6d5dab33a44c8c8ea0d848e4102023165aa7e14dfb0838240275ac,2020-05,City of London Police,City of London Police,-0.092077,51.512147,On or near Tower Royal,E01032739,City of London 001F,Vehicle crime,Awaiting court outcome,
412acf382a6ea219645b231550e561eec90e3efada71033983066187a089a38a,2020-05,City of London Police,City of London Police,-0.088872,51.510890,On or near Laurence Pountney Hill,E01032739,City of London 001F,Violence and sexual offences,Investigation complete; no suspect identified,
ca1d5982d88977ea25541e1162d24508b9d831d4fb8e0191afe58cbe481448b3,2020-05,City of London Police,City of London Police,-0.100632,51.515739,On or near Warwick Lane,E01032739,City of London 001F,Violence and sexual offences,Status update unavailable,
8f14e357aed30d0bc5fdddb3b1f175de66c8e76fbed7b1b74f3b160224c0c6a5,2020-05,City of London Police,City of London Police,-0.079786,51.517576,On or near Police Station,E01032739,City of London 001F,Violence and sexual offences,Awaiting court outcome,
d250530ed4ada098e5698faf3be5673a95b614572588704c141a6450cd9dd2b4,2020-05,City of London Police,City of London Police,-0.078484,51.517680,On or near Catherine Wheel Alley,E01032739,City of London 001F,Violence and sexual offences,Awaiting court outcome,
c905fbd760ea395d594eecd97f2992a210370161d1e14010d4c22af75ee51a86,2020-05,City of London Police,City of London Police,-0.080244,51.511828,On or near Mark Lane,E01032739,City of London 001F,Violence and sexual offences,Investigation complete; no suspect identified,
b6ae2635b431d8fd013e71e092e528bbaacfa77e99994df54a9737e4ae8a8cb1,2020-05,City of London Police,City of London Police,-0.083386,51.509757,On or near St Dunstan'S Lane,E01032739,City of London 001F,Violence and sexual offences,Investigation complete; no suspect identified,
0f9a568a27111b89d1887f6381e1e684735622f201631b526ad21edd11b032ae,2020-05,City of London Police,City of London Police,-0.085669,51.515100,On or near Austin Friars,E01032739,City of London 001F,Violence and sexual offences,Unable to prosecute suspect,
a9f067d5e8d25147806fe364d5bb2c98930d936f8fe70c29ab65c27e5b58eafa,2020-05,City of London Police,City of London Police,-0.100632,51.515739,On or near Warwick Lane,E01032739,City of London 001F,Violence and sexual offences,Unable to prosecute suspect,
356a2a8058f1df8addcb1bc041a7c65b26d9119e11baf18e71e8ae86c56a7720,2020-05,City of London Police,City of London Police,-0.079786,51.517576,On or near Police Station,E01032739,City of London 001F,Violence and sexual offences,Status update unavailable,
1295cbd41261c7565b92ae52580e894230c0bc4edd219e4629f99cdbf03a0aa6,2020-05,City of London Police,City of London Police,-0.081620,51.516814,On or near Alderman'S Walk,E01032739,City of London 001F,Other crime,Further investigation is not in the public interest,
ec1f583a1e9eca8e2f3dcc0f81371eb39ae5ce846def3967833a9dc7ebbf27c6,2020-05,City of London Police,City of London Police,-0.093493,51.513447,On or near Bow Lane,E01032739,City of London 001F,Other crime,Awaiting court outcome,
3a1332273970644b644c37fc6293024574d93fb277e63b43d67098ef1c9593ea,2020-05,City of London Police,City of London Police,-0.081620,51.516814,On or near Alderman'S Walk,E01032739,City of London 001F,Other crime,Status update unavailable,
,2020-05,City of London Police,City of London Police,-0.105900,51.516966,On or near Plumtree Court,E01032740,City of London 001G,Anti-social behaviour,,
,2020-05,City of London Police,City of London Police,-0.104621,51.512692,On or near Supermarket,E01032740,City of London 001G,Anti-social behaviour,,
,2020-05,City of London Police,City of London Police,-0.105900,51.516966,On or near Plumtree Court,E01032740,City of London 001G,Anti-social behaviour,,
,2020-05,City of London Police,City of London Police,-0.105900,51.516966,On or near Plumtree Court,E01032740,City of London 001G,Anti-social behaviour,,
,2020-05,City of London Police,City of London Police,-0.105134,51.513869,On or near Bride Lane,E01032740,City of London 001G,Anti-social behaviour,,
,2020-05,City of London Police,City of London Police,-0.108283,51.517526,On or near Supermarket,E01032740,City of London 001G,Anti-social behaviour,,
,2020-05,City of London Police,City of London Police,-0.106680,51.515882,On or near Parking Area,E01032740,City of London 001G,Anti-social behaviour,,
,2020-05,City of London Police,City of London Police,-0.104621,51.512692,On or near Supermarket,E01032740,City of London 001G,Anti-social behaviour,,
9e2e83f8846360c169312fb29510157656be58a2a95183c68190ab42473a099b,2020-05,City of London Police,City of London Police,-0.112939,51.518231,On or near Southampton Buildings,E01032740,City of London 001G,Bicycle theft,Investigation complete; no suspect identified,
35148576321eb36e93f95366e93269a8cb6fd944a117e4caec7c54209f0aa5c3,2020-05,City of London Police,City of London Police,-0.100884,51.516966,On or near Hospital,E01032740,City of London 001G,Bicycle theft,Awaiting court outcome,
f7caf6b4aa77d7c9aba5690e57b0c70045a19a73691c77d5ae9aee9d09cb8a2d,2020-05,City of London Police,City of London Police,-0.108453,51.515173,On or near Pemberton Row,E01032740,City of London 001G,Burglary,Awaiting court outcome,
d2a8ac6e09710337795ab83ab070a266aa403fe04f96e53e750cc3f1691d34c7,2020-05,City of London Police,City of London Police,-0.104621,51.512692,On or near Supermarket,E01032740,City of London 001G,Burglary,Awaiting court outcome,
0459062c7ee116e1e636acc1b8a172ce1af7387522c277c26f8208a3edf71cf1,2020-05,City of London Police,City of London Police,-0.110735,51.517836,On or near Further/Higher Educational Building,E01032740,City of London 001G,Burglary,Investigation complete; no suspect identified,
e42a482caae218d4062ce50ff4bb5cea98eb467687202b5382452633d0f17175,2020-05,City of London Police,City of London Police,-0.111181,51.516476,On or near Cursitor Street,E01032740,City of London 001G,Burglary,Status update unavailable,
9f8032421bc5e69b29dca063899c3daf80c20ca9e1ec896cd2480dc55ca0315d,2020-05,City of London Police,City of London Police,-0.108453,51.515173,On or near Pemberton Row,E01032740,City of London 001G,Burglary,Status update unavailable,
2a2c5bca2f0a4ca9cdd92aad92d180210e3d977e8774d016b545beedd1548eb2,2020-05,City of London Police,City of London Police,-0.108231,51.513928,On or near Pleydell Street,E01032740,City of London 001G,Burglary,Unable to prosecute suspect,
4ade13969086a7a79ee4e14b4ffe8ce98622ac61a1cd6c9e66db3758d0730c32,2020-05,City of London Police,City of London Police,-0.108453,51.515173,On or near Pemberton Row,E01032740,City of London 001G,Burglary,Status update unavailable,
66b1ffee00e30e07b124a3b0d58ed7600123430e7eea0c6e549370cdb8d1ea45,2020-05,City of London Police,City of London Police,-0.108231,51.513928,On or near Pleydell Street,E01032740,City of London 001G,Drugs,Status update unavailable,
43133d6224871b2ea56b3e850a39806c195128d208e39c9134dd3cd42ebc94c2,2020-05,City of London Police,City of London Police,-0.108231,51.513928,On or near Pleydell Street,E01032740,City of London 001G,Drugs,Formal action is not in the public interest,
e3418e3859dbc40f62193f19cdab32614aa4a009a12e11cef00d3cf64f6da035,2020-05,City of London Police,City of London Police,-0.108231,51.513928,On or near Pleydell Street,E01032740,City of London 001G,Drugs,Status update unavailable,
edb0483d6741f0f433771fd821a5dd0c7753b38b8f952264f1bccf2eab076eaa,2020-05,City of London Police,City of London Police,-0.110710,51.513914,On or near Fleet Street,E01032740,City of London 001G,Drugs,Status update unavailable,
582fe8ff4689d04eeb1c406bf0b2cbb823a0ff9cd1426c41356753387ba4df61,2020-05,City of London Police,City of London Police,-0.101345,51.518709,On or near Parking Area,E01032740,City of London 001G,Other theft,Investigation complete; no suspect identified,
042c1cb4424735a16ec452e3f6689351e70ab4bbf3581be3f938645241114960,2020-05,City of London Police,City of London Police,-0.105561,51.510873,On or near Ferry Terminal,E01032740,City of London 001G,Other theft,Investigation complete; no suspect identified,
24b35f85ba5b09d920efbf0fe707c486a8a4e13f5d62e1d5d0bf5e2b7f098da3,2020-05,City of London Police,City of London Police,-0.102741,51.513885,On or near Pageantmaster Court,E01032740,City of London 001G,Public order,Status update unavailable,
ab272c1741b31ed0e9512fed4e25b069e0f893f5081745f9bd6ec2fe2326760b,2020-05,City of London Police,City of London Police,-0.108283,51.517526,On or near Supermarket,E01032740,City of London 001G,Public order,Awaiting court outcome,
735aea2a3f434949a50a9e416e98173eb581bdd312a3f314331fbad89edbc04d,2020-05,City of London Police,City of London Police,-0.105561,51.510873,On or near Ferry Terminal,E01032740,City of London 001G,Robbery,Investigation complete; no suspect identified,
672d555fea46e03b82e0314e032acb6fc0eaebffeac014144dcc11ef1e74224f,2020-05,City of London Police,City of London Police,-0.105134,51.513869,On or near Bride Lane,E01032740,City of London 001G,Shoplifting,Awaiting court outcome,
20f3a42176f831453c4f2c310cefd0aec88f941ecb7241202cf9a6f65f74b26b,2020-05,City of London Police,City of London Police,-0.108283,51.517526,On or near Supermarket,E01032740,City of London 001G,Shoplifting,Awaiting court outcome,
b85b8bb73ca61738782ed29f068d230e1852d42899fae79828588e02e43a4695,2020-05,City of London Police,City of London Police,-0.105900,51.516966,On or near Plumtree Court,E01032740,City of London 001G,Theft from the person,Investigation complete; no suspect identified,
c5212d30f1e86235c5590efdd5b074d90fbbfd55f484055eae2d21638b440488,2020-05,City of London Police,City of London Police,-0.110710,51.513914,On or near Fleet Street,E01032740,City of London 001G,Theft from the person,Investigation complete; no suspect identified,
15fe4830a86f4da74c97373b8082fa2c4b8ec081bc9ef295c8d98424c5ef4d0c,2020-05,City of London Police,City of London Police,-0.109709,51.517909,On or near High Holborn,E01032740,City of London 001G,Theft from the person,Investigation complete; no suspect identified,
8e8a0cdb19127721c237064975cc9e537c9c8b8c3068ee45d2c83804948b41b2,2020-05,City of London Police,City of London Police,-0.105900,51.516966,On or near Plumtree Court,E01032740,City of London 001G,Theft from the person,Investigation complete; no suspect identified,
923d62adb9acb413748572c7b18d6134edad870e37ae8a3fdc31e267f4fa58c6,2020-05,City of London Police,City of London Police,-0.107672,51.517678,On or near A40,E01032740,City of London 001G,Violence and sexual offences,Awaiting court outcome,
52b6d56058f3c6bd6fb03010646ca8c8a96a1a877a87593e0f855f44bb2394d7,2020-05,City of London Police,City of London Police,-0.104887,51.516347,On or near Farringdon Street,E01032740,City of London 001G,Violence and sexual offences,Unable to prosecute suspect,
e67a94275d564adcc9719ccf8e4eefc459cf51b0545340739b535e64a50138c4,2020-05,City of London Police,City of London Police,-0.105134,51.513869,On or near Bride Lane,E01032740,City of London 001G,Violence and sexual offences,Awaiting court outcome,
1e09b49df6fb8aae8f9637296f09ee1aa85de29d8b5998879c520b86f9249cd0,2020-05,City of London Police,City of London Police,-0.100884,51.516966,On or near Hospital,E01032740,City of London 001G,Violence and sexual offences,Status update unavailable,
9f4752b4c77f441b41fb8d916aaa7cec39b58db908669f91d8b3703d98ab0028,2020-05,City of London Police,City of London Police,-0.102721,51.515404,On or near St Georges'S Court,E01032740,City of London 001G,Violence and sexual offences,Status update unavailable,
52b6d56058f3c6bd6fb03010646ca8c8a96a1a877a87593e0f855f44bb2394d7,2020-05,City of London Police,City of London Police,-0.104252,51.516733,On or near Supermarket,E01032740,City of London 001G,Violence and sexual offences,Status update unavailable,
3f7bce3fb4f9edff40df8c8ca469abc6142fcae8caec565e7809c5466fa44ca4,2020-05,City of London Police,City of London Police,-0.105134,51.513869,On or near Bride Lane,E01032740,City of London 001G,Violence and sexual offences,Awaiting court outcome,
f0d2cecb5efb02edc6d4d0c85bc1fc6352ef91c8929d565ba6870251e6065ce6,2020-05,City of London Police,City of London Police,-0.092178,51.570070,On or near Towncourt Path,E01033701,Hackney 002F,Other crime,Status update unavailable,
,2020-05,City of London Police,City of London Police,-0.103597,51.519312,On or near Nightclub,E01002724,Islington 022D,Anti-social behaviour,,
6eb4aeb95deab527e5972ffb4b94f99eec17b9f700e08d7f4d261603778c249c,2020-05,City of London Police,City of London Police,-0.102506,51.519888,On or near Greenhill'S Rents,E01002724,Islington 022D,Drugs,Formal action is not in the public interest,
229eccb728916575275ec07de4a7695e10d5d71f2663f0758a93ab00a831fe41,2020-05,City of London Police,City of London Police,-0.088766,51.519620,On or near Ropemaker Street,E01002704,Islington 023D,Criminal damage and arson,Investigation complete; no suspect identified,
3b62c41ece6f985bac4a5506fa1ab4208ae4fc099a98a876a735eddf2ab1738b,2020-05,City of London Police,City of London Police,-0.088766,51.519620,On or near Ropemaker Street,E01002704,Islington 023D,Public order,Investigation complete; no suspect identified,
79ef260c499881c6bc4e59d0685f760c9cf753d42c9ef4f32e296b27557ca5e1,2020-05,City of London Police,City of London Police,-0.088766,51.519620,On or near Ropemaker Street,E01002704,Islington 023D,Public order,Investigation complete; no suspect identified,
c85e990eea1d82675db20c5a91939358bb1e0b894ed219f8ab68912b67643a1a,2020-05,City of London Police,City of London Police,-0.064566,51.528440,On or near Gosset Street,E01004204,Tower Hamlets 005D,Drugs,Awaiting court outcome,
347bb350cb49a78b72cefdf0d98bc418cd62953e5bf3b281b6fae047b4afbb53,2020-05,City of London Police,City of London Police,-0.043454,51.510069,On or near Jardine Road,E01032769,Tower Hamlets 025F,Drugs,Status update unavailable,
c28d92878d9aba62a89193e8c8241876dfaea0d16ac885d572a6482af894c09f,2020-05,City of London Police,City of London Police,-0.074901,51.506255,On or near A100,E01004293,Tower Hamlets 027B,Drugs,Status update unavailable,
62730f61260214a04321eab07d52b46f65329b822cdf62b3c99ead925f593ae8,2020-05,City of London Police,City of London Police,-0.074901,51.506255,On or near A100,E01004293,Tower Hamlets 027B,Drugs,Offender given a drugs possession warning,
,2020-05,City of London Police,City of London Police,,,No Location,,,Anti-social behaviour,,
,2020-05,City of London Police,City of London Police,,,No Location,,,Anti-social behaviour,,
,2020-05,City of London Police,City of London Police,,,No Location,,,Anti-social behaviour,,
,2020-05,City of London Police,City of London Police,,,No Location,,,Anti-social behaviour,,
,2020-05,City of London Police,City of London Police,,,No Location,,,Anti-social behaviour,,
06f1b2983de88c54de98c15914ceeb8506130c8ccb70f8b9bc87687cc1a262ee,2020-05,City of London Police,City of London Police,,,No Location,,,Bicycle theft,Investigation complete; no suspect identified,
42828fd2ad6a397985fd97ff17a9fd105d6e29a0867f597a7b63e2a4af5d8520,2020-05,City of London Police,City of London Police,,,No Location,,,Drugs,Offender given a drugs possession warning,
43f3382e0989835fea0e504701e9a154dc15326f2642c126931c7b5e506dd2dc,2020-05,City of London Police,City of London Police,,,No Location,,,Drugs,Status update unavailable,
43065bc860bd1c641dc03077874acf43ae6917cbdbbfe6447901a314fddd3a19,2020-05,City of London Police,City of London Police,,,No Location,,,Drugs,Status update unavailable,
b6843252f641b1b74040bc2547b1593546abb5f94d7b588f5aca459b5f2408af,2020-05,City of London Police,City of London Police,,,No Location,,,Public order,Awaiting court outcome,
7404b26e6d0692c2146b5c65af7b7f1306741c152192cf72f2c2f0de0f7bcdc8,2020-05,City of London Police,City of London Police,,,No Location,,,Violence and sexual offences,Unable to prosecute suspect,
f75260ca9cd20bba394e7ff198304b94c1741b2e5caf3259a5315d313d677a4d,2020-05,City of London Police,City of London Police,,,No Location,,,Other crime,Status update unavailable,
9103f133be9d9be03ddf9c2e0e127deb05c2566660ea0e8f3ebf1676467c409e,2020-05,City of London Police,City of London Police,,,No Location,,,Other crime,Status update unavailable,
0fdfed16c92584b7101c31113d5a15fb5adbd6e047e0e9c5fde90d8d5474c513,2020-05,City of London Police,City of London Police,,,No Location,,,Other crime,Further investigation is not in the public interest,
a15c4a61dda82de7398144c3b3491cf1670c17c3003206c19cf528c9a2fd0a7a,2020-05,City of London Police,City of London Police,,,No Location,,,Other crime,Action to be taken by another organisation,
1c42d3d60faa97142e6882ec1aaeb59d56f2333868d4abc593dce5dc6edb0dd9,2020-05,City of London Police,City of London Police,,,No Location,,,Other crime,Status update unavailable,
f16001468ffde7d1c75f4e5dd5dfe95da9a6d1c2db66ef7dfd2c4818b49b1e58,2020-05,City of London Police,City of London Police,,,No Location,,,Other crime,Status update unavailable,
0319de29a0a2f5a3e63a2e1d3f5dd1e0ccda9b4229f71af00be04d96d7897e6b,2020-05,City of London Police,City of London Police,,,No Location,,,Other crime,Status update unavailable,
18a0419e54672fd2207fc05e765543eab1f67838d09e2ae1bd1e5db958f4c9b9,2020-05,City of London Police,City of London Police,,,No Location,,,Other crime,Local resolution,
